{
  "speakers": [
    {
      "fName": "",
      "lName": "",
      "Pic": "",
      "bio": "",
      "email": "",
      "phone": "",
      "company": "",
      "social": [
        {
          "gitHub": "",
          "linkIn": "",
          "twitter": ""
        }
      ],
      "dateTime": "",
      "topic": [
        {
          "year": "",
          "topicName": "",
          "topicDescription": "",
          "topicFocus": "",
          "topicLength": "",
          "topicRepo":""
        }
      ]
    }
    ]
    }