{
  "speakers": [
    {
      "fName": "Todd",
      "lName": "Shelton",
      "Pic": "",
      "bio": "Pluralsight Author and HTML/CSS/JS Freelancer",
      "email": "todd@todd.com",
      "phone": "(317)-555-4321",
      "company": "IUPUI - School of Informatics",
      "social": [
        {
          "gitHub": "https://github.com/milky-ashes/shelton",
          "linkIn": "https://www.linkedin.com/in/toddshelton41/",
          "twitter": "https://twitter.com/tweenout?lang=en"
        }
      ],
      "dateTime": "",
      "topic": [
        {
          "year": "2016",
          "topicName": "How to Mobile Web",
          "topicDescription": "How to mobile web by Todd S.",
          "focus": "web stuff",
          "topicLength": "30 seconds",
          "topicRepo":"google.com"
        }
      ]
    },
    {
      "fName": "Mark",
      "lName": "Watson",
      "Pic": "",
      "bio": "Building and designing bots is my thing.",
      "email": "markwatsonatx@gmail.com",
      "phone": "317-867-5309",
      "company": "IBM",
      "social": [
        {
          "gitHub": "https://github.com/markwatsonatx",
          "linkIn": "https://www.linkedin.com/in/markwatsonatx/",
          "twitter": "https://twitter.com/markwatsonatx?lang=en"
        }
      ],
      "dateTime": "",
      "topic": [
        {
          "year": "2016",
          "topicName": "How to build bots",
          "topicDescription": "You like building bots? So do I! Let's build bots!",
          "focus": "developer advocate",
          "topicLength": "2 hours",
          "topicRepo":"google.com"
        }
      ]
    },
    {
      "fName": "Ester",
      "lName": "Weon",
      "Pic": "",
      "bio": "Full Stack Web Dev with three years of Software engineering",
      "email": "ester.s.weon@gmail.com",
      "phone": "317-767-5309",
      "company": "Presence Product Group",
      "social": [
        {
          "gitHub": "https://github.com/esterweon",
          "linkIn": "https://www.linkedin.com/in/ester-weon/",
          "twitter": "https://twitter.com/esterweon?lang=en"
        }
      ],
      "dateTime": "",
      "topic": [
        {
          "year": "2016",
          "topicName": "The Beginners Guide to Developing a Full Stack Web App",
          "topicDescription": "Lets full stack this up in my speech yo!",
          "focus": "full stack software development",
          "topicLength": "2 hours",
          "topicRepo":"google.com"
        }
      ]
    }
  ]
}